DROP TABLE IF EXISTS a1,a2;
create table a1(rowkey_suffix int primary key, price int);
insert into a1(rowkey_suffix, price) values(1334555, 1000);
insert into a1(rowkey_suffix, price) values(1334556, 1001);
insert into a1(rowkey_suffix, price) values(1334557, 1002);
insert into a1(rowkey_suffix, price) values(1334558, 1003);
create table a2(rowkey_suffix2 int primary key, price2 int);
insert into a2(rowkey_suffix2, price2) values(1334558, 1003);
replace into a2(rowkey_suffix2, price2) values(1334558, 1003);
replace into a2(rowkey_suffix2, price2) values(1334558, 1003);
replace into a2(rowkey_suffix2, price2) values(1334558, 1003);
select a1.* as 'with_alias' from a1;
ERROR 42000: YAO-5001: You have an error in your SQL syntax; check the manual that corresponds to your YaoBase version for the right syntax 
select a1.*, a1.* as 'with_alias' from a1;
ERROR 42000: YAO-5001: You have an error in your SQL syntax; check the manual that corresponds to your YaoBase version for the right syntax 
select a1.* as 'with_alias', a1.* from a1;
ERROR 42000: YAO-5001: You have an error in your SQL syntax; check the manual that corresponds to your YaoBase version for the right syntax 
select a1.* as 'with_alias', a1.* as 'alias2' from a1;
ERROR 42000: YAO-5001: You have an error in your SQL syntax; check the manual that corresponds to your YaoBase version for the right syntax 
select a1.* as 'with_alias', price, a1.* as 'alias2' from a1;
ERROR 42000: YAO-5001: You have an error in your SQL syntax; check the manual that corresponds to your YaoBase version for the right syntax 
select price, a1.* as 'with_alias' from a1;
ERROR 42000: YAO-5001: You have an error in your SQL syntax; check the manual that corresponds to your YaoBase version for the right syntax 
select a1.* as 'with_alias',price from a1;
ERROR 42000: YAO-5001: You have an error in your SQL syntax; check the manual that corresponds to your YaoBase version for the right syntax 
select price, a1.* as 'with_alias', rowkey_suffix from t1;
ERROR 42000: YAO-5001: You have an error in your SQL syntax; check the manual that corresponds to your YaoBase version for the right syntax 
select (select price2 from a2 where 1000 > price2), a1.* as 'with_alias' from a1;
ERROR 42000: YAO-5001: You have an error in your SQL syntax; check the manual that corresponds to your YaoBase version for the right syntax 
select a1.* as 'with_alias', (select price2 from a2 where 1000 > price2) from a1;
ERROR 42000: YAO-5001: You have an error in your SQL syntax; check the manual that corresponds to your YaoBase version for the right syntax 
select price as 'x', a1.* as 'with_alias' from a1;
ERROR 42000: YAO-5001: You have an error in your SQL syntax; check the manual that corresponds to your YaoBase version for the right syntax 
select a1.* as 'with_alias', price as 'x' from t1;
ERROR 42000: YAO-5001: You have an error in your SQL syntax; check the manual that corresponds to your YaoBase version for the right syntax 
select price as 'x', a1.* as 'with_alias', rowkey_suffix as 'x' from a1;
ERROR 42000: YAO-5001: You have an error in your SQL syntax; check the manual that corresponds to your YaoBase version for the right syntax 
select (select price from a2 where 1000 > price) as 'x', a1.* as 'with_alias' from a1;
ERROR 42000: YAO-5001: You have an error in your SQL syntax; check the manual that corresponds to your YaoBase version for the right syntax 
select a1.* as 'with_alias', (select price2 from a2 where 1000 > price2) as 'x' from a1;
ERROR 42000: YAO-5001: You have an error in your SQL syntax; check the manual that corresponds to your YaoBase version for the right syntax 
select (select a2.* as 'x' from a2) from a1;
ERROR 42000: YAO-5001: You have an error in your SQL syntax; check the manual that corresponds to your YaoBase version for the right syntax 
select price, (select a2.* as 'x' from a2) from a1;
ERROR 42000: YAO-5001: You have an error in your SQL syntax; check the manual that corresponds to your YaoBase version for the right syntax 
select a1.*, (select a2.* as 'x' from a2) from a1;
ERROR 42000: YAO-5001: You have an error in your SQL syntax; check the manual that corresponds to your YaoBase version for the right syntax 
insert into a2 select a1.* as 'with_alias' from a1;
ERROR 42000: YAO-5001: You have an error in your SQL syntax; check the manual that corresponds to your YaoBase version for the right syntax 
insert into a2 select a1.* as 'with_alias', rowkey_suffix as 'x', price as 'z' from a1;
ERROR 42000: YAO-5001: You have an error in your SQL syntax; check the manual that corresponds to your YaoBase version for the right syntax 
insert into a2 select a1.* as 'with_alias' from a1;
ERROR 42000: YAO-5001: You have an error in your SQL syntax; check the manual that corresponds to your YaoBase version for the right syntax 
select a1.* from a1;
rowkey_suffix	price
1334555	1000
1334556	1001
1334557	1002
1334558	1003
select a2.* from a2;
rowkey_suffix2	price2
1334558	1003
select a1.*, a1.* from a1;
rowkey_suffix	price	rowkey_suffix	price
1334555	1000	1334555	1000
1334556	1001	1334556	1001
1334557	1002	1334557	1002
1334558	1003	1334558	1003
select a1.*, price, a1.* from a1;
rowkey_suffix	price	price	rowkey_suffix	price
1334555	1000	1000	1334555	1000
1334556	1001	1001	1334556	1001
1334557	1002	1002	1334557	1002
1334558	1003	1003	1334558	1003
select price, a1.* from a1;
price	rowkey_suffix	price
1000	1334555	1000
1001	1334556	1001
1002	1334557	1002
1003	1334558	1003
select a1.*, price from a1;
rowkey_suffix	price	price
1334555	1000	1000
1334556	1001	1001
1334557	1002	1002
1334558	1003	1003
select price, a1.*, rowkey_suffix from a1;
price	rowkey_suffix	price	rowkey_suffix
1000	1334555	1000	1334555
1001	1334556	1001	1334556
1002	1334557	1002	1334557
1003	1334558	1003	1334558
select price as 'x', a1.* from a1;
ERROR 42000: YAO-5001: You have an error in your SQL syntax; check the manual that corresponds to your YaoBase version for the right syntax 
drop table a1;
drop table a2;
DROP TABLE IF EXISTS a1,a2;
drop partition function h1,h2;
ERROR HY000: YAO-5077: partition function 'h1' doesn't exist
create hash partition function h1(x)'x-3';
create table a1(rowkey_suffix int primary key, price int) partition by(p1,h1,rowkey_suffix);
insert into a1(rowkey_suffix, price) values(1334555, 1000);
insert into a1(rowkey_suffix, price) values(1334556, 1001);
insert into a1(rowkey_suffix, price) values(1334557, 1002);
insert into a1(rowkey_suffix, price) values(1334558, 1003);
create hash partition function h2(x)'x+5';
create table a2(rowkey_suffix2 int primary key, price2 int) partition by(w1,h2,rowkey_suffix2);
insert into a2(rowkey_suffix2, price2) values(1334558, 1003);
replace into a2(rowkey_suffix2, price2) values(1334558, 1003);
replace into a2(rowkey_suffix2, price2) values(1334558, 1003);
replace into a2(rowkey_suffix2, price2) values(1334558, 1003);
select a1.* as 'with_alias' from a1;
ERROR 42000: YAO-5001: You have an error in your SQL syntax; check the manual that corresponds to your YaoBase version for the right syntax 
select a1.*, a1.* as 'with_alias' from a1;
ERROR 42000: YAO-5001: You have an error in your SQL syntax; check the manual that corresponds to your YaoBase version for the right syntax 
select a1.* as 'with_alias', a1.* from a1;
ERROR 42000: YAO-5001: You have an error in your SQL syntax; check the manual that corresponds to your YaoBase version for the right syntax 
select a1.* as 'with_alias', a1.* as 'alias2' from a1;
ERROR 42000: YAO-5001: You have an error in your SQL syntax; check the manual that corresponds to your YaoBase version for the right syntax 
select a1.* as 'with_alias', price, a1.* as 'alias2' from a1;
ERROR 42000: YAO-5001: You have an error in your SQL syntax; check the manual that corresponds to your YaoBase version for the right syntax 
select price, a1.* as 'with_alias' from a1;
ERROR 42000: YAO-5001: You have an error in your SQL syntax; check the manual that corresponds to your YaoBase version for the right syntax 
select a1.* as 'with_alias',price from a1;
ERROR 42000: YAO-5001: You have an error in your SQL syntax; check the manual that corresponds to your YaoBase version for the right syntax 
select price, a1.* as 'with_alias', rowkey_suffix from t1;
ERROR 42000: YAO-5001: You have an error in your SQL syntax; check the manual that corresponds to your YaoBase version for the right syntax 
select (select price2 from a2 where 1000 > price2), a1.* as 'with_alias' from a1;
ERROR 42000: YAO-5001: You have an error in your SQL syntax; check the manual that corresponds to your YaoBase version for the right syntax 
select a1.* as 'with_alias', (select price2 from a2 where 1000 > price2) from a1;
ERROR 42000: YAO-5001: You have an error in your SQL syntax; check the manual that corresponds to your YaoBase version for the right syntax 
select price as 'x', a1.* as 'with_alias' from a1;
ERROR 42000: YAO-5001: You have an error in your SQL syntax; check the manual that corresponds to your YaoBase version for the right syntax 
select a1.* as 'with_alias', price as 'x' from a1;
ERROR 42000: YAO-5001: You have an error in your SQL syntax; check the manual that corresponds to your YaoBase version for the right syntax 
select price as 'x', a1.* as 'with_alias', rowkey_suffix as 'x' from a1;
ERROR 42000: YAO-5001: You have an error in your SQL syntax; check the manual that corresponds to your YaoBase version for the right syntax 
select (select price from a2 where 1000 > price) as 'x', a1.* as 'with_alias' from a1;
ERROR 42000: YAO-5001: You have an error in your SQL syntax; check the manual that corresponds to your YaoBase version for the right syntax 
select a1.* as 'with_alias', (select price2 from a2 where 1000 > price2) as 'x' from a1;
ERROR 42000: YAO-5001: You have an error in your SQL syntax; check the manual that corresponds to your YaoBase version for the right syntax 
select (select a2.* as 'x' from a2) from a1;
ERROR 42000: YAO-5001: You have an error in your SQL syntax; check the manual that corresponds to your YaoBase version for the right syntax 
select price, (select a2.* as 'x' from a2) from a1;
ERROR 42000: YAO-5001: You have an error in your SQL syntax; check the manual that corresponds to your YaoBase version for the right syntax 
select a1.*, (select a2.* as 'x' from a2) from a1;
ERROR 42000: YAO-5001: You have an error in your SQL syntax; check the manual that corresponds to your YaoBase version for the right syntax 
insert into a2 select a1.* as 'with_alias' from a1;
ERROR 42000: YAO-5001: You have an error in your SQL syntax; check the manual that corresponds to your YaoBase version for the right syntax 
insert into a2 select a1.* as 'with_alias', rowkey_suffix as 'x', price as 'z' from a1;
ERROR 42000: YAO-5001: You have an error in your SQL syntax; check the manual that corresponds to your YaoBase version for the right syntax 
insert into a2 select a1.* as 'with_alias' from a1;
ERROR 42000: YAO-5001: You have an error in your SQL syntax; check the manual that corresponds to your YaoBase version for the right syntax 
select a1.* from a1;
rowkey_suffix	price
1334555	1000
1334556	1001
1334557	1002
1334558	1003
select a2.* from a2;
rowkey_suffix2	price2
1334558	1003
select a1.*, a1.* from a1;
rowkey_suffix	price	rowkey_suffix	price
1334555	1000	1334555	1000
1334556	1001	1334556	1001
1334557	1002	1334557	1002
1334558	1003	1334558	1003
select a1.*, price, a1.* from a1;
rowkey_suffix	price	price	rowkey_suffix	price
1334555	1000	1000	1334555	1000
1334556	1001	1001	1334556	1001
1334557	1002	1002	1334557	1002
1334558	1003	1003	1334558	1003
select price, a1.* from a1;
price	rowkey_suffix	price
1000	1334555	1000
1001	1334556	1001
1002	1334557	1002
1003	1334558	1003
select a1.*, price from a1;
rowkey_suffix	price	price
1334555	1000	1000
1334556	1001	1001
1334557	1002	1002
1334558	1003	1003
select price, a1.*, rowkey_suffix from a1;
price	rowkey_suffix	price	rowkey_suffix
1000	1334555	1000	1334555
1001	1334556	1001	1334556
1002	1334557	1002	1334557
1003	1334558	1003	1334558
select price as 'x', a1.* from a1;
ERROR 42000: YAO-5001: You have an error in your SQL syntax; check the manual that corresponds to your YaoBase version for the right syntax 
drop table a1;
drop table a2;
drop partition function h1,h2;
DROP TABLE IF EXISTS a1,a2;
create table a1(rowkey_suffix int primary key, price int) partition by range(rowkey_suffix)(partition r0 values less than(1334556),partition r1 values less than maxvalue);
insert into a1(rowkey_suffix, price) values(1334555, 1000);
insert into a1(rowkey_suffix, price) values(1334556, 1001);
insert into a1(rowkey_suffix, price) values(1334557, 1002);
insert into a1(rowkey_suffix, price) values(1334558, 1003);
create table a2(rowkey_suffix2 int primary key, price2 int) partition by list(rowkey_suffix2)(partition c1 values in(1334558,1334559));
insert into a2(rowkey_suffix2, price2) values(1334558, 1003);
replace into a2(rowkey_suffix2, price2) values(1334558, 1003);
replace into a2(rowkey_suffix2, price2) values(1334558, 1003);
replace into a2(rowkey_suffix2, price2) values(1334558, 1003);
select a1.* as 'with_alias' from a1;
ERROR 42000: YAO-5001: You have an error in your SQL syntax; check the manual that corresponds to your YaoBase version for the right syntax 
select a1.*, a1.* as 'with_alias' from a1;
ERROR 42000: YAO-5001: You have an error in your SQL syntax; check the manual that corresponds to your YaoBase version for the right syntax 
select a1.* as 'with_alias', a1.* from a1;
ERROR 42000: YAO-5001: You have an error in your SQL syntax; check the manual that corresponds to your YaoBase version for the right syntax 
select a1.* as 'with_alias', a1.* as 'alias2' from a1;
ERROR 42000: YAO-5001: You have an error in your SQL syntax; check the manual that corresponds to your YaoBase version for the right syntax 
select a1.* as 'with_alias', price, a1.* as 'alias2' from a1;
ERROR 42000: YAO-5001: You have an error in your SQL syntax; check the manual that corresponds to your YaoBase version for the right syntax 
select price, a1.* as 'with_alias' from a1;
ERROR 42000: YAO-5001: You have an error in your SQL syntax; check the manual that corresponds to your YaoBase version for the right syntax 
select a1.* as 'with_alias',price from a1;
ERROR 42000: YAO-5001: You have an error in your SQL syntax; check the manual that corresponds to your YaoBase version for the right syntax 
select price, a1.* as 'with_alias', rowkey_suffix from t1;
ERROR 42000: YAO-5001: You have an error in your SQL syntax; check the manual that corresponds to your YaoBase version for the right syntax 
select (select price2 from a2 where 1000 > price2), a1.* as 'with_alias' from a1;
ERROR 42000: YAO-5001: You have an error in your SQL syntax; check the manual that corresponds to your YaoBase version for the right syntax 
select a1.* as 'with_alias', (select price2 from a2 where 1000 > price2) from a1;
ERROR 42000: YAO-5001: You have an error in your SQL syntax; check the manual that corresponds to your YaoBase version for the right syntax 
select price as 'x', a1.* as 'with_alias' from a1;
ERROR 42000: YAO-5001: You have an error in your SQL syntax; check the manual that corresponds to your YaoBase version for the right syntax 
select a1.* as 'with_alias', price as 'x' from t1;
ERROR 42000: YAO-5001: You have an error in your SQL syntax; check the manual that corresponds to your YaoBase version for the right syntax 
select price as 'x', a1.* as 'with_alias', rowkey_suffix as 'x' from a1;
ERROR 42000: YAO-5001: You have an error in your SQL syntax; check the manual that corresponds to your YaoBase version for the right syntax 
select (select price from a2 where 1000 > price) as 'x', a1.* as 'with_alias' from a1;
ERROR 42000: YAO-5001: You have an error in your SQL syntax; check the manual that corresponds to your YaoBase version for the right syntax 
select a1.* as 'with_alias', (select price2 from a2 where 1000 > price2) as 'x' from a1;
ERROR 42000: YAO-5001: You have an error in your SQL syntax; check the manual that corresponds to your YaoBase version for the right syntax 
select (select a2.* as 'x' from a2) from a1;
ERROR 42000: YAO-5001: You have an error in your SQL syntax; check the manual that corresponds to your YaoBase version for the right syntax 
select price, (select a2.* as 'x' from a2) from a1;
ERROR 42000: YAO-5001: You have an error in your SQL syntax; check the manual that corresponds to your YaoBase version for the right syntax 
select a1.*, (select a2.* as 'x' from a2) from a1;
ERROR 42000: YAO-5001: You have an error in your SQL syntax; check the manual that corresponds to your YaoBase version for the right syntax 
insert into a2 select a1.* as 'with_alias' from a1;
ERROR 42000: YAO-5001: You have an error in your SQL syntax; check the manual that corresponds to your YaoBase version for the right syntax 
insert into a2 select a1.* as 'with_alias', rowkey_suffix as 'x', price as 'z' from a1;
ERROR 42000: YAO-5001: You have an error in your SQL syntax; check the manual that corresponds to your YaoBase version for the right syntax 
insert into a2 select a1.* as 'with_alias' from a1;
ERROR 42000: YAO-5001: You have an error in your SQL syntax; check the manual that corresponds to your YaoBase version for the right syntax 
select a1.* from a1;
rowkey_suffix	price
1334555	1000
1334556	1001
1334557	1002
1334558	1003
select a2.* from a2;
rowkey_suffix2	price2
1334558	1003
select a1.*, a1.* from a1;
rowkey_suffix	price	rowkey_suffix	price
1334555	1000	1334555	1000
1334556	1001	1334556	1001
1334557	1002	1334557	1002
1334558	1003	1334558	1003
select a1.*, price, a1.* from a1;
rowkey_suffix	price	price	rowkey_suffix	price
1334555	1000	1000	1334555	1000
1334556	1001	1001	1334556	1001
1334557	1002	1002	1334557	1002
1334558	1003	1003	1334558	1003
select price, a1.* from a1;
price	rowkey_suffix	price
1000	1334555	1000
1001	1334556	1001
1002	1334557	1002
1003	1334558	1003
select a1.*, price from a1;
rowkey_suffix	price	price
1334555	1000	1000
1334556	1001	1001
1334557	1002	1002
1334558	1003	1003
select price, a1.*, rowkey_suffix from a1;
price	rowkey_suffix	price	rowkey_suffix
1000	1334555	1000	1334555
1001	1334556	1001	1334556
1002	1334557	1002	1334557
1003	1334558	1003	1334558
select price as 'x', a1.* from a1;
ERROR 42000: YAO-5001: You have an error in your SQL syntax; check the manual that corresponds to your YaoBase version for the right syntax 
drop table a1;
drop table a2;
