drop table if exists t1;
create table t1(k int primary key,c1 decimal(10,5),c2 int,c3 double,c4 bool,c5 varchar(100),c6 datetime);
insert into t1 values(1,1234,1234,123.123,true,'986.123','2017-08-16 14:44:00');
insert into t1 values(2,1.234567e2,1234,123.123,true,'986.123','2017-08-16 14:44:00');
insert into t1 values(3,'1234.1234',1234,123.123,true,'986.123','2017-08-16 14:44:00');
insert into t1 values(4,true,1234,123.123,true,'986.123','2017-08-16 14:44:00');
insert into t1 values(5,'2017-08-16 14:44:00',1234,1.23123e2,true,'986.123a','2017-08-16 14:44:00');
ERROR HY000: YAO-153: VARCHAR cast to DECIMAL error
select * from t1;
k	c1	c2	c3	c4	c5	c6
1	1234	1234	123.123	1	986.123	2017-08-16 14:44:00.000000
2	123.4567	1234	123.123	1	986.123	2017-08-16 14:44:00.000000
3	1234.1234	1234	123.123	1	986.123	2017-08-16 14:44:00.000000
4	1	1234	123.123	1	986.123	2017-08-16 14:44:00.000000
select * from t1 group by c1;
k	c1	c2	c3	c4	c5	c6
4	1	1234	123.123	1	986.123	2017-08-16 14:44:00.000000
2	123.4567	1234	123.123	1	986.123	2017-08-16 14:44:00.000000
1	1234	1234	123.123	1	986.123	2017-08-16 14:44:00.000000
3	1234.1234	1234	123.123	1	986.123	2017-08-16 14:44:00.000000
select * from t1 order by c1;
k	c1	c2	c3	c4	c5	c6
4	1	1234	123.123	1	986.123	2017-08-16 14:44:00.000000
2	123.4567	1234	123.123	1	986.123	2017-08-16 14:44:00.000000
1	1234	1234	123.123	1	986.123	2017-08-16 14:44:00.000000
3	1234.1234	1234	123.123	1	986.123	2017-08-16 14:44:00.000000
