select greatest(34.0,34,1,70.2,177.3);
greatest(34.0,34,1,70.2,177.3)
177.3
select greatest(34.0,34,1.2,70.2,-177.3);
greatest(34.0,34,1.2,70.2,-177.3)
70.2
select greatest(34.0,34,1,70.2,177.3);
greatest(34.0,34,1,70.2,177.3)
177.3
select greatest(34.0,34,1.2,70.2,-177.3);
greatest(34.0,34,1.2,70.2,-177.3)
70.2
drop table if exists t_decimal;
create table t_decimal(i1 int primary key,dd decimal(38,5));
insert into t_decimal values(1,0);
insert into t_decimal values(2,'987654321001234567890123456789012');
insert into t_decimal values(3,'-987654321001234567890123456789012');
insert into t_decimal values(4,'-987654321001234567890123456789012.12345');
insert into t_decimal values(5,'987654321001234567890123456789012.12345');
insert into t_decimal values(6,12.33);
insert into t_decimal values(7,-12.33);
select * from t_decimal;
i1	dd
1	0
2	987654321001234567890123456789012
3	-987654321001234567890123456789012
4	-987654321001234567890123456789012.12345
5	987654321001234567890123456789012.12345
6	12.33
7	-12.33
select floor(dd) from t_decimal;
floor(dd)
0
987654321001234567890123456789012
-987654321001234567890123456789012
-987654321001234567890123456789013
987654321001234567890123456789012
12
-13
select floor(dd+100) from t_decimal;
floor(dd+100)
100
987654321001234567890123456789112
-987654321001234567890123456788912
-987654321001234567890123456788913
987654321001234567890123456789112
112
87
select ceil(dd) from t_decimal;
ceil(dd)
0
987654321001234567890123456789012
-987654321001234567890123456789012
-987654321001234567890123456789012
987654321001234567890123456789013
13
-12
select floor(dd+100) from t_decimal;
floor(dd+100)
100
987654321001234567890123456789112
-987654321001234567890123456788912
-987654321001234567890123456788913
987654321001234567890123456789112
112
87
drop table if exists t_decimal;
create table t_decimal(i1 int primary key,dd decimal(38,5));
insert into t_decimal values(1,0);
insert into t_decimal values(2,'987654321001234567890123456789012');
insert into t_decimal values(3,'-987654321001234567890123456789012');
insert into t_decimal values(4,'-987654321001234567890123456789012.12345');
insert into t_decimal values(5,'987654321001234567890123456789012.12345');
insert into t_decimal values(6,12.33);
insert into t_decimal values(7,-12.33);
select * from t_decimal;
i1	dd
1	0
2	987654321001234567890123456789012
3	-987654321001234567890123456789012
4	-987654321001234567890123456789012.12345
5	987654321001234567890123456789012.12345
6	12.33
7	-12.33
select round(dd,0) from t_decimal;
round(dd,0)
0
987654321001234567890123456789012
-987654321001234567890123456789012
-987654321001234567890123456789012
987654321001234567890123456789012
12
-12
select round(dd,1) from t_decimal;
round(dd,1)
0
987654321001234567890123456789012
-987654321001234567890123456789012
-987654321001234567890123456789012.1
987654321001234567890123456789012.1
12.3
-12.3
select round(dd+100,2) from t_decimal;
round(dd+100,2)
100
987654321001234567890123456789112
-987654321001234567890123456788912
-987654321001234567890123456788912.12
987654321001234567890123456789112.12
112.33
87.67
select round(dd-100.123,3) from t_decimal;
round(dd-100.123,3)
-100.123
987654321001234567890123456788911.877
-987654321001234567890123456789112.123
-987654321001234567890123456789112.246
987654321001234567890123456788912
-87.793
-112.453
drop table if exists t_decimal;
create table t_decimal(i1 int primary key,dd decimal(38,5));
insert into t_decimal values(1,0);
insert into t_decimal values(2,'987654321001234567890123456789012');
insert into t_decimal values(3,'-987654321001234567890123456789012');
insert into t_decimal values(4,'-987654321001234567890123456789012.12345');
insert into t_decimal values(5,'987654321001234567890123456789012.12345');
insert into t_decimal values(6,12.33);
insert into t_decimal values(7,-12.33);
select * from t_decimal;
i1	dd
1	0
2	987654321001234567890123456789012
3	-987654321001234567890123456789012
4	-987654321001234567890123456789012.12345
5	987654321001234567890123456789012.12345
6	12.33
7	-12.33
select max(dd) from t_decimal;
max(dd)
987654321001234567890123456789012.12345
select min(dd) from t_decimal;
min(dd)
-987654321001234567890123456789012.12345
drop table if exists t1;
create table t1(k int primary key,c1 decimal(10,5),c2 int,c3 double,c4 bool,c5 varchar(100),c6 datetime);
insert into t1 values(1,1234.1234,1234,123.123,true,'986.123','2017-08-16 14:44:00');
insert into t1 values(2,1234.123401,1234,1.23123e2,true,'986.123a','2017-08-16 14:44:00');
select * from t1;
k	c1	c2	c3	c4	c5	c6
1	1234.1234	1234	123.123	1	986.123	2017-08-16 14:44:00.000000
2	1234.1234	1234	123.123	1	986.123a	2017-08-16 14:44:00.000000
select coalesce(null,null,c1*10-1234.567,null,2) from t1;
coalesce(null,null,c1*10-1234.567,null,2)
11106.667
11106.667
