drop table if exists t1,t2,t3;
select 1;
1
1
select 1+2;
1+2
3
select 1+2+3;
1+2+3
6
select 1-1;
1-1
0
select 1-1-1;
1-1-1
-1
select 2-1-0;
2-1-0
1
select 1/0;
1/0
NULL
select 1/2;
1/2
0.5
select 2/1;
2/1
2
select 4/2/2;
4/2/2
1
select 1*0;
1*0
0
select 1*2*3;
1*2*3
6
select (1+2.5)*3/5-10*0.1*8/0.2-2 limit 10;
(1+2.5)*3/5-10*0.1*8/0.2-2
-39.9
select 0.1;
0.1
0.1
select 0.1+0.2;
0.1+0.2
0.3
select 0.1+1;
0.1+1
1.1
select 0.2/0.1;
0.2/0.1
2
select 1 limit 1;
1
1
select 1+1 limit 2;
1+1
2
create table t1(pk int primary key,extra int);
select 1 from (select pk from t1) as t;
1
insert into t1(pk) values(1),(2);
select 1 from (select pk from t1) as t;
1
1
1
select 1 from (select 1) as t;
1
1
drop table t1;
select 'a';
'a'
a
select 'a'+'b';
'a'+'b'
0
select 'a'-'b';
'a'-'b'
0
select '1'+'2';
'1'+'2'
3
select '1'/'2';
'1'/'2'
0.5
select '1'*'2';
'1'*'2'
2
select '1.5';
'1.5'
1.5
select '1.5'+'2.0';
'1.5'+'2.0'
3.5
select (1+'2.5')*3/5-'10'*0.1*8/'0.2'-2 limit 10;
(1+'2.5')*3/5-'10'*0.1*8/'0.2'-2
-39.9
select 1 from dual;
1
1
select '1' from dual where 1 limit 20;
'1'
1
select '1' from dual where 0 limit 20;
'1'
select 1 union select 1 from dual;
1
1
select 1 union select 1;
1
1
create table dual(name varchar(30) primary key,a int);
ERROR 42000: YAO-5001: You have an error in your SQL syntax; check the manual that corresponds to your YaoBase version for the right syntax 
insert into dual values(1);
ERROR 42000: YAO-5001: You have an error in your SQL syntax; check the manual that corresponds to your YaoBase version for the right syntax 
select *;
ERROR HY000: YAO-5002: No tables used
select * from dual;
ERROR HY000: YAO-5002: No tables used
