drop table if exists t1;
create table if not exists t1(c1 int primary key,c2 decimal(5,2), c3 decimal(10,3), c4 varchar(10), c5 double, c6 float);
desc t1;
Field	Type	Null	Key	Default	Extra
c1	int(10)	YES	PRI	NULL	
c2	decimal(5,2)	YES		NULL	
c3	decimal(10,3)	YES		NULL	
c4	varchar(10)	YES		NULL	
c5	double	YES		NULL	
c6	float	YES		NULL	
create table if not exists t1(c1 int primary key,c2 decimal(5,2), c3 decimal(10,3), c4 varchar(10), c5 double, c6 float);
insert into t1 values (1, 1.23, 1.23, '1.325o', 1.234, 1.234);
insert into t1 values (2, 1.23, 1.23, '1.32f5', 1.234, 1.234);
insert into t1 values (3, 1.23, 1.23, '0x1.3f', 1.234, 1.234);
insert into t1 values (4,1.23, 1.23, 'a.asd', 12321.234, 1.234);
insert into t1 values (5,1., 1, '1.32', 1.234, 1.234);
insert into t1 values (6,1.2, 1234578.90, '1234567.32', 1.234, 1.234);
insert into t1 values (7,123.456, 0.1, '1.12345678', 1.234, 1.234);
insert into t1 values (8,1.2, 1234578.90, '1234567.32', 1.23, 1.234);
select * from t1 where c1||c2 in ('11.23','21.23','31.23');
c1	c2	c3	c4	c5	c6
1	1.23	1.23	1.325o	1.234	1.234
2	1.23	1.23	1.32f5	1.234	1.234
3	1.23	1.23	0x1.3f	1.234	1.234
4	1.23	1.23	a.asd	12321.234	1.234
5	1	1	1.32	1.234	1.234
6	1.2	1234578.9	1234567.32	1.234	1.234
7	123.45	0.1	1.12345678	1.234	1.234
8	1.2	1234578.9	1234567.32	1.23	1.234
select * from t1 where c1 = 1 and c2||c3 in ('1.231.230');
c1	c2	c3	c4	c5	c6
1	1.23	1.23	1.325o	1.234	1.234
select * from t1 where c2 = 1.23 and c3||c4 in ('1.2300x1.3f');
c1	c2	c3	c4	c5	c6
1	1.23	1.23	1.325o	1.234	1.234
2	1.23	1.23	1.32f5	1.234	1.234
3	1.23	1.23	0x1.3f	1.234	1.234
4	1.23	1.23	a.asd	12321.234	1.234
select * from t1 where c2 = 1.23 or c3||c4 in ('1234578.9001234567.32');
c1	c2	c3	c4	c5	c6
1	1.23	1.23	1.325o	1.234	1.234
2	1.23	1.23	1.32f5	1.234	1.234
3	1.23	1.23	0x1.3f	1.234	1.234
4	1.23	1.23	a.asd	12321.234	1.234
5	1	1	1.32	1.234	1.234
6	1.2	1234578.9	1234567.32	1.234	1.234
7	123.45	0.1	1.12345678	1.234	1.234
8	1.2	1234578.9	1234567.32	1.23	1.234
select * from t1 where c4||c5 in ('a.asd12321.234000');
c1	c2	c3	c4	c5	c6
1	1.23	1.23	1.325o	1.234	1.234
2	1.23	1.23	1.32f5	1.234	1.234
5	1	1	1.32	1.234	1.234
6	1.2	1234578.9	1234567.32	1.234	1.234
7	123.45	0.1	1.12345678	1.234	1.234
8	1.2	1234578.9	1234567.32	1.23	1.234
select * from t1 where c2 = 1.23 and c5||c6 in ('1.2340001.234000');
c1	c2	c3	c4	c5	c6
1	1.23	1.23	1.325o	1.234	1.234
2	1.23	1.23	1.32f5	1.234	1.234
3	1.23	1.23	0x1.3f	1.234	1.234
4	1.23	1.23	a.asd	12321.234	1.234
select * from t1 where c2||c3||c5 in ('1.231.2301.234000');
c1	c2	c3	c4	c5	c6
1	1.23	1.23	1.325o	1.234	1.234
2	1.23	1.23	1.32f5	1.234	1.234
3	1.23	1.23	0x1.3f	1.234	1.234
4	1.23	1.23	a.asd	12321.234	1.234
5	1	1	1.32	1.234	1.234
6	1.2	1234578.9	1234567.32	1.234	1.234
7	123.45	0.1	1.12345678	1.234	1.234
8	1.2	1234578.9	1234567.32	1.23	1.234
select * from t1 where c1 between 1 and 2 or c3||c6 in ('1.230.1.234000');
c1	c2	c3	c4	c5	c6
1	1.23	1.23	1.325o	1.234	1.234
2	1.23	1.23	1.32f5	1.234	1.234
3	1.23	1.23	0x1.3f	1.234	1.234
4	1.23	1.23	a.asd	12321.234	1.234
5	1	1	1.32	1.234	1.234
6	1.2	1234578.9	1234567.32	1.234	1.234
7	123.45	0.1	1.12345678	1.234	1.234
8	1.2	1234578.9	1234567.32	1.23	1.234
select * from t1 where c1 = 10 or c3||c6 in ('1.230.1.234');
c1	c2	c3	c4	c5	c6
1	1.23	1.23	1.325o	1.234	1.234
2	1.23	1.23	1.32f5	1.234	1.234
3	1.23	1.23	0x1.3f	1.234	1.234
4	1.23	1.23	a.asd	12321.234	1.234
5	1	1	1.32	1.234	1.234
6	1.2	1234578.9	1234567.32	1.234	1.234
7	123.45	0.1	1.12345678	1.234	1.234
8	1.2	1234578.9	1234567.32	1.23	1.234
select * from t1 where c4 = 'a.asd' or c2||c5 in ('1.1.234000');
c1	c2	c3	c4	c5	c6
1	1.23	1.23	1.325o	1.234	1.234
2	1.23	1.23	1.32f5	1.234	1.234
3	1.23	1.23	0x1.3f	1.234	1.234
4	1.23	1.23	a.asd	12321.234	1.234
5	1	1	1.32	1.234	1.234
6	1.2	1234578.9	1234567.32	1.234	1.234
7	123.45	0.1	1.12345678	1.234	1.234
8	1.2	1234578.9	1234567.32	1.23	1.234
select * from t1 where c1 between 1 and 3 and c1||c5 in ('11.234');
c1	c2	c3	c4	c5	c6
1	1.23	1.23	1.325o	1.234	1.234
2	1.23	1.23	1.32f5	1.234	1.234
3	1.23	1.23	0x1.3f	1.234	1.234
drop table t1;
