set names utf8mb4;
drop table if exists t1,t2,t3,t4,t5;
create table t1(a int primary key,b int) comment = null;
ERROR 42000: YAO-5001: You have an error in your SQL syntax; check the manual that corresponds to your YaoBase version for the right syntax 
create table t1(a int primary key,b int) comment = '';
select table_comment from __first_tablet_entry;
table_comment













































create table t2(a int primary key,b int) comment = 'aaaaaaaaaaaaaaaaaaaaaaaaaaaaaaaaaaaaaaaaaaaaaaaaaaaaaaaaaaaaaaaaaaaaaaaaaaaaaaaaaaaaaaaaaaaaaaaaaaaaaaaaaaaaaaaaaaaaaaaaaaaaaaaaaaaaaaaaaaaaaaaaaaaaaaaaaaaaaaaaaaaaaaaaaaaaaaaaaaaaaaaaaaaaaaaaaaaaaaaaaaaaaaaaaaaaaaaaaaaaaaaaaaaaaaaaaaaaaaaaaaaaaaaaaaaaaaaaaaaaaaaaaaaaaaaaaaaaaaaaaaaaaaaaaaaaaaaaaaaaaaaaaaaaaaaaaaaaaaaaaaaaaaaaaaaaaaaaaaaaaaaaaaaaaaaaaaaaaaaaaaaaaaaaaaaaaaaaaaaaaaaaaaaaaaaaaaaaaaaaaaaaaaaaaaaaaaaaaaaaaaaaaaaaaaaaaaaaaaaaaaaaaaaaaaaaaaaaaaaaaaaaaaaaaaaaaaaaaaaaaaaaaaaaaaaaaaaaaaaaaaaaaaaaaaaaaaaaaaaaaaaaaaaaaaaaaaaaaaaaaaaaaaaaaaaaaaaaaaaaaaaaaaaaaaaaaaaaaaaaaaaaaaaaaaaaaaaaaaaaaaaaaaaaaaaaaaaaaaaaaaaaaaaaaaaaaaaaaaaaaaaaaaaaaaaaaaaaaaaaaaaaaaaaaaaaaaaaaaaaaaaaaaaaaaaaaaaaaaaaaaaaaaaaaaaaaaaaaaaaaaaaaaaaaaaaaaaaaaaaaaaaaaaaaaaaaaaaaaaaaaaaaaaaaaaaaaaaaaaaaaaaaaaaaaaaaaaaaaaaaaaaaaaaaaaaaaaaaaaaaaaaaaaaaaaaaaaaaaaaaaaaaaaaaaaaaaaaaaaaaaaaaaaaaaaaaaaaaaaaaaaaaaaaaaaaaaaaaaaaaaaaaaaaaaaaaaaaaaaaaaaaaaaaaaaaaaaaaaaaaaaaaaaaaaaaaaaaaaaaaaaaaaaaaaaaaaaaaaaaaaaaaaaaaaaaaaaaaaaaaaaaaaaaaaaaaaaaaaaaaaaaaaaaaaaaaaaaaaaaaaaaaaaaaaaaaaaaaaaaaaaaaaaaaaaaaaaaaaaaaaaaaaaaaaaaaaaaaaaaaaaaaaaaaaaaaaaaaaaaaaaaaaaaaaaaaaaaaaaaaaaaaaaaaaaaaaaaaaaaaaaaaaaaaaaaaaaaaaaaaaaaaaaaaaaaaaaaaaaaaaaaaaaaaaaaaaaaaaaaaaaaaaaaaaaaaaaaaaaaaaaaaaaaaaaaaaaaaaaaaaaaaaaaaaaaaaaaaaaaaaaaaaaaaaaaaaaaaaaaaaaaaaaaaaaaaaaaaaaaaaaaaaaaaaaaaaaaaaaaaaaaaaaaaaaaaaaaaaaaaaaaaaaaaaaaaaaaaaaaaaaaaaaaaaaaaaaaaaaaaaaaaaaaaaaaaaaaaaaaaaaaaaaaaaaaaaaaaaaaaaaaaaaaaaaaaaaaaaaaaaaaaaaaaaaaaaaaaaaaaaaaaaaaaaaaaaaaaaaaaaaaaaaaaaaaaaaaaaaaaaaaaaaaaaaaaaaaaaaaaaaaaaaaaaaaaaaaaaaaaaaaaaaaaaaaaaaaaaaaaaaaaaaaaaaaaaaaaaaaaaaaaaaaaaaaaaaaaaaaaaaaaaaaaaaaaaaaaaaaaaaaaaaaaaaaaaaaaaaaaaaaaaaaaaaaaaaaaaaaaaaaaaaaaaaaaaaaaaaaaaaaaaaaaaaaaaaaaaaaaaaaaaaaaaaaaaaaaaaaaaaaaaaaaaaaaaaaaaaaaaaaaaaaaaaaaaaaaaaaaaaaaaaaaaaaaaaaaaaaaaaaaaaaaaaaaaaaaaaaaaaaaaaaaaaaaaaaaaaaaaaaaaaaaaaaaaaaaaaaaaaaaaaaaaaaaaaaaaaaaaaaaaaaaaaaaaaaaaaaaaaaaaaaaaaaaaaaaaaaaaaaaaaaaaaaaaaaaaaaaaaaaaaaaaaaaaaaaaaaaaaaaaaaaaaaaaaaaaaaaaaaaaaaaaaaaaaaaaaaaaaaaaaaaaaaaaaaaaaaaaaaaaaaaaaaaaaaaaaaaaaaaaaaaaaaaaaaaaaaaaaaaaaaaaaaaaaaaaaaaaaaaaaaaaaaaaaaaa';
ERROR HY000: YAO-5093: Table comment is too long(max=512)
create table t2(a int primary key,b int) comment = 'biao';
select table_comment from __first_tablet_entry;
table_comment

biao












































alter table t2 comment 'zhaoruobing';
select table_comment from __first_tablet_entry;
table_comment

zhaoruobing












































alter table t2 comment '';
select table_comment from __first_tablet_entry;
table_comment














































alter table t2 comment 'aaaaaaaaaaaaaaaaaaaaaaaaaaaaaaaaaaaaaaaaaaaaaaaaaaaaaaaaaaaaaaaaaaaaaaaaaaaaaaaaaaaaaaaaaaaaaaaaaaaaaaaaaaaaaaaaaaaaaaaaaaaaaaaaaaaaaaaaaaaaaaaaaaaaaaaaaaaaaaaaaaaaaaaaaaaaaaaaaaaaaaaaaaaaaaaaaaaaaaaaaaaaaaaaaaaaaaaaaaaaaaaaaaaaaaaaaaaaaaaaaaaaaaaaaaaaaaaaaaaaaaaaaaaaaaaaaaaaaaaaaaaaaaaaaaaaaaaaaaaaaaaaaaaaaaaaaaaaaaaaaaaaaaaaaaaaaaaaaaaaaaaaaaaaaaaaaaaaaaaaaaaaaaaaaaaaaaaaaaaaaaaaaaaaaaaaaaaaaaaaaaaaaaaaaaaaaaaaaaaaaaaaaaaaaaaaaaaaaaaaaaaaaaaaaaaaaaaaaaaaaaaaaaaaaaaaaaaaaaaaaaaaaaaaaaaaaaaaaaaaaaaaaaaaaaaaaaaaaaaaaaaaaaaaaaaaaaaaaaaaaaaaaaaaaaaaaaaaaaaaaaaaaaaaaaaaaaaaaaaaaaaaaaaaaaaaaaaaaaaaaaaaaaaaaaaaaaaaaaaaaaaaaaaaaaaaaaaaaaaaaaaaaaaaaaaaaaaaaaaaaaaaaaaaaaaaaaaaaaaaaaaaaaaaaaaaaaaaaaaaaaaaaaaaaaaaaaaaaaaaaaaaaaaaaaaaaaaaaaaaaaaaaaaaaaaaaaaaaaaaaaaaaaaaaaaaaaaaaaaaaaaaaaaaaaaaaaaaaaaaaaaaaaaaaaaaaaaaaaaaaaaaaaaaaaaaaaaaaaaaaaaaaaaaaaaaaaaaaaaaaaaaaaaaaaaaaaaaaaaaaaaaaaaaaaaaaaaaaaaaaaaaaaaaaaaaaaaaaaaaaaaaaaaaaaaaaaaaaaaaaaaaaaaaaaaaaaaaaaaaaaaaaaaaaaaaaaaaaaaaaaaaaaaaaaaaaaaaaaaaaaaaaaaaaaaaaaaaaaaaaaaaaaaaaaaaaaaaaaaaaaaaaaaaaaaaaaaaaaaaaaaaaaaaaaaaaaaaaaaaaaaaaaaaaaaaaaaaaaaaaaaaaaaaaaaaaaaaaaaaaaaaaaaaaaaaaaaaaaaaaaaaaaaaaaaaaaaaaaaaaaaaaaaaaaaaaaaaaaaaaaaaaaaaaaaaaaaaaaaaaaaaaaaaaaaaaaaaaaaaaaaaaaaaaaaaaaaaaaaaaaaaaaaaaaaaaaaaaaaaaaaaaaaaaaaaaaaaaaaaaaaaaaaaaaaaaaaaaaaaaaaaaaaaaaaaaaaaaaaaaaaaaaaaaaaaaaaaaaaaaaaaaaaaaaaaaaaaaaaaaaaaaaaaaaaaaaaaaaaaaaaaaaaaaaaaaaaaaaaaaaaaaaaaaaaaaaaaaaaaaaaaaaaaaaaaaaaaaaaaaaaaaaaaaaaaaaaaaaaaaaaaaaaaaaaaaaaaaaaaaaaaaaaaaaaaaaaaaaaaaaaaaaaaaaaaaaaaaaaaaaaaaaaaaaaaaaaaaaaaaaaaaaaaaaaaaaaaaaaaaaaaaaaaaaaaaaaaaaaaaaaaaaaaaaaaaaaaaaaaaaaaaaaaaaaaaaaaaaaaaaaaaaaaaaaaaaaaaaaaaaaaaaaaaaaaaaaaaaaaaaaaaaaaaaaaaaaaaaaaaaaaaaaaaaaaaaaaaaaaaaaaaaaaaaaaaaaaaaaaaaaaaaaaaaaaaaaaaaaaaaaaaaaaaaaaaaaaaaaaaaaaaaaaaaaaaaaaaaaaaaaaaaaaaaaaaaaaaaaaaaaaaaaaaaaaaaaaaaaaaaaaaaaaaaaaaaaaaaaaaaaaaaaaaaaaaaaaaaaaaaaaaaaaaaaaaaaaaaaaaaaaaaaaaaaaaaaaaaaaaaaaaaaaaaaaaaaaaaaaaaaaaaaaaaaaaaaaaaaaaaaaaaaaaaaaaaaaaaaaaaaaaaaaaaaaaaaaaaaaaaaaaaaaaaaaaaaaaaaaaaaaaaaaaaaaaaaaaaaaaaaaaaaaaaaaaaaaaaaaaaaaaaaaaaaaaaaaaaaaaaaaaaaaaaaaaaaaaaaaaaaaaaaaaaaaaaaaaa';
ERROR HY000: YAO-5093: Table comment is too long(max=512)
create table t3(a int primary key,b int);
alter table t3 comment '缺省test';
show create table t3;
Table	Create Table
test.t3	CREATE TABLE t3 (
a INT(10),
b INT(10),
 PRIMARY KEY(a)
) COMMENT = '缺省test', COLLATE = 'utf8mb4_general_ci', COMPRESS_METHOD = 'none', REPLICA_NUM = 3 ;
drop table t3;
create table t3(a int primary key,b int);
show create table t3;
Table	Create Table
test.t3	CREATE TABLE t3 (
a INT(10),
b INT(10),
 PRIMARY KEY(a)
) COLLATE = 'utf8mb4_general_ci', COMPRESS_METHOD = 'none', REPLICA_NUM = 3 ;
drop table t1,t2,t3;
create table t1(a int primary key comment null,b int);
ERROR 42000: YAO-5001: You have an error in your SQL syntax; check the manual that corresponds to your YaoBase version for the right syntax 
create table t1(a int primary key comment '',b int);
show full columns from t1;
Field	Type	Collation	Null	Key	Default	Extra	Privileges	Comment
a	int(10)	NULL	YES	PRI	NULL		select,insert,update,references	
b	int(10)	NULL	YES		NULL		select,insert,update,references	
create table t2(a int primary key comment 'aaaaaaaaaaaaaaaaaaaaaaaaaaaaaaaaaaaaaaaaaaaaaaaaaaaaaaaaaaaaaaaaaaaaaaaaaaaaaaaaaaaaaaaaaaaaaaaaaaaaaaaaaaaaaaaaaaaaaaaaaaaaaaaaaaaaaaaaaaaaaaaaaaaaaaaaaaaaaaaaaaaaaaaaaaaaaaaaaaaaaaaaaaaaaaaaaaaaaaaaaaaaaaaaaaaaaaaaaaaaaaaaaaaaaaaaaaaaaaaaaaaaaaaaaaaaaaaaaaaaaaaaaaaaaaaaaaaaaaaaaaaaaaaaaaaaaaaaaaaaaaaaaaaaaaaaaaaaaaaaaaaaaaaaaaaaaaaaaaaaaaaaaaaaaaaaaaaaaaaaaaaaaaaaaaaaaaaaaaaaaaaaaaaaaaaaaaaaaaaaaaaaaaaaaaaaaaaaaaaaaaaaaaaaaaaaaaaaaaaaaaaaaaaaaaaaaaaaaaaaaaaaaaaaaaaaaaaaaaaaaaaaaaaaaaaaaaaaaaaaaaaaaaaaaaaaaaaaaaaaaaaaaaaaaaaaaaaaaaaaaaaaaaaaaaaaaaaaaaaaaaaaaaaaaaaaaaaaaaaaaaaaaaaaaaaaaaaaaaaaaaaaaaaaaaaaaaaaaaaaaaaaaaaaaaaaaaaaaaaaaaaaaaaaaaaaaaaaaaaaaaaaaaaaaaaaaaaaaaaaaaaaaaaaaaaaaaaaaaaaaaaaaaaaaaaaaaaaaaaaaaaaaaaaaaaaaaaaaaaaaaaaaaaaaaaaaaaaaaaaaaaaaaaaaaaaaaaaaaaaaaaaaaaaaaaaaa',b int);
ERROR HY000: YAO-5090: Comment for fieid 'a' is too long(max=512)
create table t2(a int primary key comment 'test',b int);
show full columns from t2;
Field	Type	Collation	Null	Key	Default	Extra	Privileges	Comment
a	int(10)	NULL	YES	PRI	NULL		select,insert,update,references	test
b	int(10)	NULL	YES		NULL		select,insert,update,references	
create table t3(a int primary key,b int comment 'test2');
show full columns from t3;
Field	Type	Collation	Null	Key	Default	Extra	Privileges	Comment
a	int(10)	NULL	YES	PRI	NULL		select,insert,update,references	
b	int(10)	NULL	YES		NULL		select,insert,update,references	test2
create table t4(a int primary key comment 'test111',b int comment 'test222');
select column_comment from __all_all_column;
column_comment



































































































































































































































































































































































































test


test2
test111
test222
select table_comment from __first_tablet_entry;
table_comment
















































show full columns from t4;
Field	Type	Collation	Null	Key	Default	Extra	Privileges	Comment
a	int(10)	NULL	YES	PRI	NULL		select,insert,update,references	test111
b	int(10)	NULL	YES		NULL		select,insert,update,references	test222
alter table t4 modify column a int comment 'test123你好';
alter table t4 modify column b int comment '';
show full columns from t4;
Field	Type	Collation	Null	Key	Default	Extra	Privileges	Comment
a	int(10)	NULL	YES	PRI	NULL		select,insert,update,references	test123你好
b	int(10)	NULL	YES		NULL		select,insert,update,references	
show create table t4;
Table	Create Table
test.t4	CREATE TABLE t4 (
a INT(10) COMMENT 'test123你好' ,
b INT(10),
 PRIMARY KEY(a)
) COLLATE = 'utf8mb4_general_ci', COMPRESS_METHOD = 'none', REPLICA_NUM = 3 ;
alter table t4 drop column a;
ERROR HY000: YAO-5002: Primary key column can not be dropped, column name = 'a'
alter table t4 drop column b;
show create table t4;
Table	Create Table
test.t4	CREATE TABLE t4 (
a INT(10) COMMENT 'test123你好' ,
 PRIMARY KEY(a)
) COLLATE = 'utf8mb4_general_ci', COMPRESS_METHOD = 'none', REPLICA_NUM = 3 ;
alter table t4 add column c int comment '11';
show create table t4;
Table	Create Table
test.t4	CREATE TABLE t4 (
a INT(10) COMMENT 'test123你好' ,
c INT(10) COMMENT '11' ,
 PRIMARY KEY(a)
) COLLATE = 'utf8mb4_general_ci', COMPRESS_METHOD = 'none', REPLICA_NUM = 3 ;
create table t5(a int primary key,b int comment 'testaaa2');
show create table t5;
Table	Create Table
test.t5	CREATE TABLE t5 (
a INT(10),
b INT(10) COMMENT 'testaaa2' ,
 PRIMARY KEY(a)
) COLLATE = 'utf8mb4_general_ci', COMPRESS_METHOD = 'none', REPLICA_NUM = 3 ;
alter table t5 drop column b;
alter table t5 add column b int;
show create table t5;
Table	Create Table
test.t5	CREATE TABLE t5 (
a INT(10),
b INT(10),
 PRIMARY KEY(a)
) COLLATE = 'utf8mb4_general_ci', COMPRESS_METHOD = 'none', REPLICA_NUM = 3 ;
drop table t1,t2,t3,t4,t5;
create table t1(c_int int primary key comment 'int',c_float float comment 'float',c_double double comment 'double',c_bool bool comment 'bool', c_char char comment 'char', c_varchar varchar(20) comment 'varchar',c_decimal decimal comment 'decimal') comment = 'test';
show create table t1;
Table	Create Table
test.t1	CREATE TABLE t1 (
c_int INT(10) COMMENT 'int' ,
c_float FLOAT COMMENT 'float' ,
c_double DOUBLE COMMENT 'double' ,
c_bool BOOL COMMENT 'bool' ,
c_char VARCHAR (1) COLLATE 'utf8mb4_general_ci' COMMENT 'char' ,
c_varchar VARCHAR (20) COLLATE 'utf8mb4_general_ci' COMMENT 'varchar' ,
c_decimal DECIMAL (65,40) COMMENT 'decimal' ,
 PRIMARY KEY(c_int)
) COMMENT = 'test', COLLATE = 'utf8mb4_general_ci', COMPRESS_METHOD = 'none', REPLICA_NUM = 3 ;
select column_comment from __all_all_column;
column_comment

































































































































































































































































































































































































bool
char
decimal
double
float
int
varchar
select table_comment from __first_tablet_entry;
table_comment
test












































show full columns from t1;
Field	Type	Collation	Null	Key	Default	Extra	Privileges	Comment
c_int	int(10)	NULL	YES	PRI	NULL		select,insert,update,references	int
c_float	float	NULL	YES		NULL		select,insert,update,references	float
c_double	double	NULL	YES		NULL		select,insert,update,references	double
c_bool	bool	NULL	YES		NULL		select,insert,update,references	bool
c_char	varchar(1)	utf8mb4_general_ci	YES		NULL		select,insert,update,references	char
c_varchar	varchar(20)	utf8mb4_general_ci	YES		NULL		select,insert,update,references	varchar
c_decimal	decimal(65,40)	NULL	YES		NULL		select,insert,update,references	decimal
alter table t1 drop column c_char;
show create table t1;
Table	Create Table
test.t1	CREATE TABLE t1 (
c_int INT(10) COMMENT 'int' ,
c_float FLOAT COMMENT 'float' ,
c_double DOUBLE COMMENT 'double' ,
c_bool BOOL COMMENT 'bool' ,
c_varchar VARCHAR (20) COLLATE 'utf8mb4_general_ci' COMMENT 'varchar' ,
c_decimal DECIMAL (65,40) COMMENT 'decimal' ,
 PRIMARY KEY(c_int)
) COMMENT = 'test', COLLATE = 'utf8mb4_general_ci', COMPRESS_METHOD = 'none', REPLICA_NUM = 3 ;
alter table t1 add column c_char double;
show create table t1;
Table	Create Table
test.t1	CREATE TABLE t1 (
c_int INT(10) COMMENT 'int' ,
c_float FLOAT COMMENT 'float' ,
c_double DOUBLE COMMENT 'double' ,
c_bool BOOL COMMENT 'bool' ,
c_varchar VARCHAR (20) COLLATE 'utf8mb4_general_ci' COMMENT 'varchar' ,
c_decimal DECIMAL (65,40) COMMENT 'decimal' ,
c_char DOUBLE,
 PRIMARY KEY(c_int)
) COMMENT = 'test', COLLATE = 'utf8mb4_general_ci', COMPRESS_METHOD = 'none', REPLICA_NUM = 3 ;
