ALTER SYSTEM SET merge_delay_interval='6s' server_type=yaodatasvr;
ALTER SYSTEM SET major_freeze_wait_time='6s' server_type=yaoadminsvr;
ALTER SYSTEM SET  min_major_freeze_interval='5s' server_type=yaotxnsvr;
ALTER SYSTEM SET min_merge_interval='5s' server_type=yaodatasvr;
ALTER SYSTEM SET  max_merge_thread_num='20' server_type=yaodatasvr;
alter system set balance_max_concurrent_migrate_num=30 server_type=yaoadminsvr;
alter system set balance_max_migrate_in_per_ds=6 server_type=yaoadminsvr;
alter system set balance_max_migrate_out_per_ds=6 server_type=yaoadminsvr;
alter system set max_migrate_task_count=6 server_type=yaodatasvr;
drop table if exists t1;
create table t1 (c1 int primary key,c2 int);
create index ttt01234567890123456789012345678901234567890123456789012345678901234567890123456789012345678901234567890123456789 on t1(c1);
create index tttt01234567890123456789012345678901234567890123456789012345678901234567890123456789012345678901234567890123456789 on t1(c1);
create index ttttt01234567890123456789012345678901234567890123456789012345678901234567890123456789012345678901234567890123456789 on t1(c1);
create index ttttttt012345678901234567890123456789012345678901234567890123456789012345678901234567890123456789012345678901234567890123456789 on t1(c1);
drop table if exists t1,t2;
create table t1(c1 int primary key,c2 int,c3 varchar(30));
create table t2(c1 varchar(30) primary key,c2 int,c3 int);
insert into t1 values(1,1,'jack'),(2,2,'love'),(3,3,'rose'),(4,4,'this is'),(5,5,'a story');
insert into t2 values('beautiful',1,1),('flowers',2,2),('town',3,3),('stone',4,4),('story',5,5);
select * from t1;
c1	c2	c3
1	1	jack
2	2	love
3	3	rose
4	4	this is
5	5	a story
select * from t2;
c1	c2	c3
beautiful	1	1
flowers	2	2
stone	4	4
story	5	5
town	3	3
create index tttttt012345678901234567890123456789012345678901234567890123456789012345678901234567890123456789012345678901234567890123456789ttttttt012345678901234567890123456778901234567890123456789012345678901234567890123456789012345678901234567890123451 on t1(c1);
create index tttttt012345678901234567890123456789012345678901234567890123456789012345678901234567890123456789012345678901234567890123456789ttttttt012345678901234567890123456778901234567890123456789012345678901234567890123456789012345678901234567890123451 on t2(c1);
create index tttttt012345678901234567890123456789012345678901234567890123456789012345678901234567890123456789012345678901234567890123456789ttttttt0123456789012345678901234567789012345678901234567890123456789012345678901234567890123456789012345678901234510 on t1(c1);
create index tttttt012345678901234567890123456789012345678901234567890123456789012345678901234567890123456789012345678901234567890123456789ttttttt0123456789012345678901234567789012345678901234567890123456789012345678901234567890123456789012345678901234510 on t2(c1);
create index ttttttt012345678901234567890123456789012345678901234567890123456789012345678901234567890123456789012345678901234567890123456789ttttttt0123456789012345678901234567789012345678901234567890123456789012345678901234567890123456789012345678901234568 on t1(c1);
ERROR HY000: YAO-5078: index name is invalid!
create index ttttttt012345678901234567890123456789012345678901234567890123456789012345678901234567890123456789012345678901234567890123456789ttttttt0123456789012345678901234567789012345678901234567890123456789012345678901234567890123456789012345678901234568 on t2(c1);
ERROR HY000: YAO-5078: index name is invalid!
create index ttttttt012345678901234567890123456789012345678901234567890123456789012345678901234567890123456789012345678901234567890123456789ttttttt012345678901234567890123456778901234567890123456789012345678901234567890123456789012345678901234567890123456800000000 on t1(c1);
ERROR HY000: YAO-5078: index name is invalid!
create index ttttttt012345678901234567890123456789012345678901234567890123456789012345678901234567890123456789012345678901234567890123456789ttttttt012345678901234567890123456778901234567890123456789012345678901234567890123456789012345678901234567890123456800000000 on t2(c1);
ERROR HY000: YAO-5078: index name is invalid!
"merge"
major_freeze...
merge: DONE
show index on t1;
index_name	status	index_type
__3006__idx__tttttt012345678901234567890123456789012345678901234567890123456789012345678901234567890123456789012345678901234567890123456789ttttttt012345678901234567890123456778901234567890123456789012345678901234567890123456789012345678901234567890123451	1	0
__3006__idx__tttttt012345678901234567890123456789012345678901234567890123456789012345678901234567890123456789012345678901234567890123456789ttttttt0123456789012345678901234567789012345678901234567890123456789012345678901234567890123456789012345678901234510	1	0
__3006__idx__tttttt012345678901234567890123456789012345678901234567890123456789012345678901234567890123456789012345678901234567890123456789ttttttt0123456789012345678901234567789012345678901234567890123456789012345678901234567890123456789012345678901234510
eval select * from __3006__idx__tttttt012345678901234567890123456789012345678901234567890123456789012345678901234567890123456789012345678901234567890123456789ttttttt0123456789012345678901234567789012345678901234567890123456789012345678901234567890123456789012345678901234510
__3007__idx__tttttt012345678901234567890123456789012345678901234567890123456789012345678901234567890123456789012345678901234567890123456789ttttttt0123456789012345678901234567789012345678901234567890123456789012345678901234567890123456789012345678901234510
eval select * from __3007__idx__tttttt012345678901234567890123456789012345678901234567890123456789012345678901234567890123456789012345678901234567890123456789ttttttt0123456789012345678901234567789012345678901234567890123456789012345678901234567890123456789012345678901234510
