ALTER SYSTEM SET merge_delay_interval='6s' server_type=yaodatasvr;
ALTER SYSTEM SET major_freeze_wait_time='6s' server_type=yaoadminsvr;
ALTER SYSTEM SET  min_major_freeze_interval='5s' server_type=yaotxnsvr;
ALTER SYSTEM SET min_merge_interval='5s' server_type=yaodatasvr;
ALTER SYSTEM SET  max_merge_thread_num='20' server_type=yaodatasvr;
alter system set balance_max_concurrent_migrate_num=30 server_type=yaoadminsvr;
alter system set balance_max_migrate_in_per_ds=6 server_type=yaoadminsvr;
alter system set balance_max_migrate_out_per_ds=6 server_type=yaoadminsvr;
alter system set max_migrate_task_count=6 server_type=yaodatasvr;
drop table if exists t1;
create table t1 (c1 datetime,c2 int,c3 varchar(8),c4 timestamp,c5 double,c6 decimal(5,4),primary key (c1));
insert into t1 values('2015-08-08 12:13:16',1,'maosiyu','2015-06-07 11:23:45.763261',2.36455,3.26),('3012-08-08 12:13:16',2,'maosiyu','2015-06-07 11:23:45.763261',2.36455,4.18),('1960-08-08 12:13:16',1,'maosiyu','2015-06-07 11:23:45.763261',2.36455,9.56);
create index il0 on t1(c6,c3,c5) storing (c2,c4);
create index il1 on t1(c6,c2) storing (c5,c3,c4);
create index il2 on t1(c3,c5) storing (c2);
create index il3 on t1(c3,c6,c5);
create index il4 on t1(c1);
"merge"
major_freeze...
merge: DONE
__3001__idx__il0
select * from __3001__idx__il0;
c1	c2	c3	c4	c5	c6
2015-08-08 12:13:16.000000	1	maosiyu	2015-06-07 11:23:45.763261	2.36455	3.26
3012-08-08 12:13:16.000000	2	maosiyu	2015-06-07 11:23:45.763261	2.36455	4.18
1960-08-08 12:13:16.000000	1	maosiyu	2015-06-07 11:23:45.763261	2.36455	9.56
select * from __3001__idx__il1;
c1	c2	c3	c4	c5	c6
2015-08-08 12:13:16.000000	1	maosiyu	2015-06-07 11:23:45.763261	2.36455	3.26
3012-08-08 12:13:16.000000	2	maosiyu	2015-06-07 11:23:45.763261	2.36455	4.18
1960-08-08 12:13:16.000000	1	maosiyu	2015-06-07 11:23:45.763261	2.36455	9.56
select * from __3001__idx__il2;
c1	c2	c3	c5
1960-08-08 12:13:16.000000	1	maosiyu	2.36455
2015-08-08 12:13:16.000000	1	maosiyu	2.36455
3012-08-08 12:13:16.000000	2	maosiyu	2.36455
select * from __3001__idx__il3;
c1	c3	c5	c6	yao_virtual_col
2015-08-08 12:13:16.000000	maosiyu	2.36455	3.26	NULL
3012-08-08 12:13:16.000000	maosiyu	2.36455	4.18	NULL
1960-08-08 12:13:16.000000	maosiyu	2.36455	9.56	NULL
select * from __3001__idx__il4;
c1	yao_virtual_col
1960-08-08 12:13:16.000000	NULL
2015-08-08 12:13:16.000000	NULL
3012-08-08 12:13:16.000000	NULL
insert into t1(c1,c2,c3,c5,c6) values('1020-03-09 15:30:36',25,'hahhaha',6.32256,3.2547);
select * from t1;
c1	c2	c3	c4	c5	c6
1020-03-09 15:30:36.000000	25	hahhaha	NULL	6.32256	3.2547
1960-08-08 12:13:16.000000	1	maosiyu	2015-06-07 11:23:45.763261	2.36455	9.56
2015-08-08 12:13:16.000000	1	maosiyu	2015-06-07 11:23:45.763261	2.36455	3.26
3012-08-08 12:13:16.000000	2	maosiyu	2015-06-07 11:23:45.763261	2.36455	4.18
select * from __3001__idx__il0;
c1	c2	c3	c4	c5	c6
1020-03-09 15:30:36.000000	25	hahhaha	NULL	6.32256	3.2547
2015-08-08 12:13:16.000000	1	maosiyu	2015-06-07 11:23:45.763261	2.36455	3.26
3012-08-08 12:13:16.000000	2	maosiyu	2015-06-07 11:23:45.763261	2.36455	4.18
1960-08-08 12:13:16.000000	1	maosiyu	2015-06-07 11:23:45.763261	2.36455	9.56
select * from __3001__idx__il1;
c1	c2	c3	c4	c5	c6
1020-03-09 15:30:36.000000	25	hahhaha	NULL	6.32256	3.2547
2015-08-08 12:13:16.000000	1	maosiyu	2015-06-07 11:23:45.763261	2.36455	3.26
3012-08-08 12:13:16.000000	2	maosiyu	2015-06-07 11:23:45.763261	2.36455	4.18
1960-08-08 12:13:16.000000	1	maosiyu	2015-06-07 11:23:45.763261	2.36455	9.56
select * from __3001__idx__il2;
c1	c2	c3	c5
1020-03-09 15:30:36.000000	25	hahhaha	6.32256
1960-08-08 12:13:16.000000	1	maosiyu	2.36455
2015-08-08 12:13:16.000000	1	maosiyu	2.36455
3012-08-08 12:13:16.000000	2	maosiyu	2.36455
select * from __3001__idx__il3;
c1	c3	c5	c6	yao_virtual_col
1020-03-09 15:30:36.000000	hahhaha	6.32256	3.2547	NULL
2015-08-08 12:13:16.000000	maosiyu	2.36455	3.26	NULL
3012-08-08 12:13:16.000000	maosiyu	2.36455	4.18	NULL
1960-08-08 12:13:16.000000	maosiyu	2.36455	9.56	NULL
select * from __3001__idx__il4;
c1	yao_virtual_col
1020-03-09 15:30:36.000000	NULL
1960-08-08 12:13:16.000000	NULL
2015-08-08 12:13:16.000000	NULL
3012-08-08 12:13:16.000000	NULL
insert into t1(c1,c2,c3,c5,c6) values('2015-06-07 11:23:45.763261',89*98,'mace',8/1.23,7.9/8.25);
select * from t1;
c1	c2	c3	c4	c5	c6
1020-03-09 15:30:36.000000	25	hahhaha	NULL	6.32256	3.2547
1960-08-08 12:13:16.000000	1	maosiyu	2015-06-07 11:23:45.763261	2.36455	9.56
2015-06-07 11:23:45.763261	8722	mace	NULL	6.5041	0.9575
2015-08-08 12:13:16.000000	1	maosiyu	2015-06-07 11:23:45.763261	2.36455	3.26
3012-08-08 12:13:16.000000	2	maosiyu	2015-06-07 11:23:45.763261	2.36455	4.18
select * from __3001__idx__il0;
c1	c2	c3	c4	c5	c6
2015-06-07 11:23:45.763261	8722	mace	NULL	6.5041	0.9575
1020-03-09 15:30:36.000000	25	hahhaha	NULL	6.32256	3.2547
2015-08-08 12:13:16.000000	1	maosiyu	2015-06-07 11:23:45.763261	2.36455	3.26
3012-08-08 12:13:16.000000	2	maosiyu	2015-06-07 11:23:45.763261	2.36455	4.18
1960-08-08 12:13:16.000000	1	maosiyu	2015-06-07 11:23:45.763261	2.36455	9.56
select * from __3001__idx__il1;
c1	c2	c3	c4	c5	c6
2015-06-07 11:23:45.763261	8722	mace	NULL	6.5041	0.9575
1020-03-09 15:30:36.000000	25	hahhaha	NULL	6.32256	3.2547
2015-08-08 12:13:16.000000	1	maosiyu	2015-06-07 11:23:45.763261	2.36455	3.26
3012-08-08 12:13:16.000000	2	maosiyu	2015-06-07 11:23:45.763261	2.36455	4.18
1960-08-08 12:13:16.000000	1	maosiyu	2015-06-07 11:23:45.763261	2.36455	9.56
select * from __3001__idx__il2;
c1	c2	c3	c5
1020-03-09 15:30:36.000000	25	hahhaha	6.32256
2015-06-07 11:23:45.763261	8722	mace	6.5041
1960-08-08 12:13:16.000000	1	maosiyu	2.36455
2015-08-08 12:13:16.000000	1	maosiyu	2.36455
3012-08-08 12:13:16.000000	2	maosiyu	2.36455
select * from __3001__idx__il3;
c1	c3	c5	c6	yao_virtual_col
1020-03-09 15:30:36.000000	hahhaha	6.32256	3.2547	NULL
2015-06-07 11:23:45.763261	mace	6.5041	0.9575	NULL
2015-08-08 12:13:16.000000	maosiyu	2.36455	3.26	NULL
3012-08-08 12:13:16.000000	maosiyu	2.36455	4.18	NULL
1960-08-08 12:13:16.000000	maosiyu	2.36455	9.56	NULL
select * from __3001__idx__il4;
c1	yao_virtual_col
1020-03-09 15:30:36.000000	NULL
1960-08-08 12:13:16.000000	NULL
2015-06-07 11:23:45.763261	NULL
2015-08-08 12:13:16.000000	NULL
3012-08-08 12:13:16.000000	NULL
insert into t1(c1,c2,c3,c5,c6) values('2015-08-09 16:34:36.876319',89/98,'mauybe',8.00/1.25,0.12*9);
select * from t1;
c1	c2	c3	c4	c5	c6
1020-03-09 15:30:36.000000	25	hahhaha	NULL	6.32256	3.2547
1960-08-08 12:13:16.000000	1	maosiyu	2015-06-07 11:23:45.763261	2.36455	9.56
2015-06-07 11:23:45.763261	8722	mace	NULL	6.5041	0.9575
2015-08-08 12:13:16.000000	1	maosiyu	2015-06-07 11:23:45.763261	2.36455	3.26
2015-08-09 16:34:36.876319	0	mauybe	NULL	6.4	1.08
3012-08-08 12:13:16.000000	2	maosiyu	2015-06-07 11:23:45.763261	2.36455	4.18
select * from __3001__idx__il0;
c1	c2	c3	c4	c5	c6
2015-06-07 11:23:45.763261	8722	mace	NULL	6.5041	0.9575
2015-08-09 16:34:36.876319	0	mauybe	NULL	6.4	1.08
1020-03-09 15:30:36.000000	25	hahhaha	NULL	6.32256	3.2547
2015-08-08 12:13:16.000000	1	maosiyu	2015-06-07 11:23:45.763261	2.36455	3.26
3012-08-08 12:13:16.000000	2	maosiyu	2015-06-07 11:23:45.763261	2.36455	4.18
1960-08-08 12:13:16.000000	1	maosiyu	2015-06-07 11:23:45.763261	2.36455	9.56
select * from __3001__idx__il1;
c1	c2	c3	c4	c5	c6
2015-06-07 11:23:45.763261	8722	mace	NULL	6.5041	0.9575
2015-08-09 16:34:36.876319	0	mauybe	NULL	6.4	1.08
1020-03-09 15:30:36.000000	25	hahhaha	NULL	6.32256	3.2547
2015-08-08 12:13:16.000000	1	maosiyu	2015-06-07 11:23:45.763261	2.36455	3.26
3012-08-08 12:13:16.000000	2	maosiyu	2015-06-07 11:23:45.763261	2.36455	4.18
1960-08-08 12:13:16.000000	1	maosiyu	2015-06-07 11:23:45.763261	2.36455	9.56
select * from __3001__idx__il2;
c1	c2	c3	c5
1020-03-09 15:30:36.000000	25	hahhaha	6.32256
2015-06-07 11:23:45.763261	8722	mace	6.5041
1960-08-08 12:13:16.000000	1	maosiyu	2.36455
2015-08-08 12:13:16.000000	1	maosiyu	2.36455
3012-08-08 12:13:16.000000	2	maosiyu	2.36455
2015-08-09 16:34:36.876319	0	mauybe	6.4
select * from __3001__idx__il3;
c1	c3	c5	c6	yao_virtual_col
1020-03-09 15:30:36.000000	hahhaha	6.32256	3.2547	NULL
2015-06-07 11:23:45.763261	mace	6.5041	0.9575	NULL
2015-08-08 12:13:16.000000	maosiyu	2.36455	3.26	NULL
3012-08-08 12:13:16.000000	maosiyu	2.36455	4.18	NULL
1960-08-08 12:13:16.000000	maosiyu	2.36455	9.56	NULL
2015-08-09 16:34:36.876319	mauybe	6.4	1.08	NULL
select * from __3001__idx__il4;
c1	yao_virtual_col
1020-03-09 15:30:36.000000	NULL
1960-08-08 12:13:16.000000	NULL
2015-06-07 11:23:45.763261	NULL
2015-08-08 12:13:16.000000	NULL
2015-08-09 16:34:36.876319	NULL
3012-08-08 12:13:16.000000	NULL
insert into t1(c1,c6,c2) values('2015-06-07 11:24:45.763261',7/53,8/7);
insert into t1(c1,c6,c3) values('2015-06-07 11:25:45.763261',7/53,'hahahce');
insert into t1(c1,c6) values('2015-06-07 11:26:45.763261',7/53);
insert into t1(c1,c6,c5) values('2015-06-07 11:27:45.763261',7/53,8*0.125);
select * from t1;
c1	c2	c3	c4	c5	c6
1020-03-09 15:30:36.000000	25	hahhaha	NULL	6.32256	3.2547
1960-08-08 12:13:16.000000	1	maosiyu	2015-06-07 11:23:45.763261	2.36455	9.56
2015-06-07 11:23:45.763261	8722	mace	NULL	6.5041	0.9575
2015-06-07 11:24:45.763261	1	NULL	NULL	NULL	0.1321
2015-06-07 11:25:45.763261	NULL	hahahce	NULL	NULL	0.1321
2015-06-07 11:26:45.763261	NULL	NULL	NULL	NULL	0.1321
2015-06-07 11:27:45.763261	NULL	NULL	NULL	1	0.1321
2015-08-08 12:13:16.000000	1	maosiyu	2015-06-07 11:23:45.763261	2.36455	3.26
2015-08-09 16:34:36.876319	0	mauybe	NULL	6.4	1.08
3012-08-08 12:13:16.000000	2	maosiyu	2015-06-07 11:23:45.763261	2.36455	4.18
select * from __3001__idx__il0;
c1	c2	c3	c4	c5	c6
2015-06-07 11:25:45.763261	NULL	hahahce	NULL	NULL	0.1321
2015-06-07 11:27:45.763261	NULL	NULL	NULL	1	0.1321
2015-06-07 11:24:45.763261	1	NULL	NULL	NULL	0.1321
2015-06-07 11:26:45.763261	NULL	NULL	NULL	NULL	0.1321
2015-06-07 11:23:45.763261	8722	mace	NULL	6.5041	0.9575
2015-08-09 16:34:36.876319	0	mauybe	NULL	6.4	1.08
1020-03-09 15:30:36.000000	25	hahhaha	NULL	6.32256	3.2547
2015-08-08 12:13:16.000000	1	maosiyu	2015-06-07 11:23:45.763261	2.36455	3.26
3012-08-08 12:13:16.000000	2	maosiyu	2015-06-07 11:23:45.763261	2.36455	4.18
1960-08-08 12:13:16.000000	1	maosiyu	2015-06-07 11:23:45.763261	2.36455	9.56
select * from __3001__idx__il1;
c1	c2	c3	c4	c5	c6
2015-06-07 11:24:45.763261	1	NULL	NULL	NULL	0.1321
2015-06-07 11:25:45.763261	NULL	hahahce	NULL	NULL	0.1321
2015-06-07 11:26:45.763261	NULL	NULL	NULL	NULL	0.1321
2015-06-07 11:27:45.763261	NULL	NULL	NULL	1	0.1321
2015-06-07 11:23:45.763261	8722	mace	NULL	6.5041	0.9575
2015-08-09 16:34:36.876319	0	mauybe	NULL	6.4	1.08
1020-03-09 15:30:36.000000	25	hahhaha	NULL	6.32256	3.2547
2015-08-08 12:13:16.000000	1	maosiyu	2015-06-07 11:23:45.763261	2.36455	3.26
3012-08-08 12:13:16.000000	2	maosiyu	2015-06-07 11:23:45.763261	2.36455	4.18
1960-08-08 12:13:16.000000	1	maosiyu	2015-06-07 11:23:45.763261	2.36455	9.56
select * from __3001__idx__il2;
c1	c2	c3	c5
2015-06-07 11:25:45.763261	NULL	hahahce	NULL
1020-03-09 15:30:36.000000	25	hahhaha	6.32256
2015-06-07 11:23:45.763261	8722	mace	6.5041
1960-08-08 12:13:16.000000	1	maosiyu	2.36455
2015-08-08 12:13:16.000000	1	maosiyu	2.36455
3012-08-08 12:13:16.000000	2	maosiyu	2.36455
2015-08-09 16:34:36.876319	0	mauybe	6.4
2015-06-07 11:27:45.763261	NULL	NULL	1
2015-06-07 11:24:45.763261	1	NULL	NULL
2015-06-07 11:26:45.763261	NULL	NULL	NULL
select * from __3001__idx__il3;
c1	c3	c5	c6	yao_virtual_col
2015-06-07 11:25:45.763261	hahahce	NULL	0.1321	NULL
1020-03-09 15:30:36.000000	hahhaha	6.32256	3.2547	NULL
2015-06-07 11:23:45.763261	mace	6.5041	0.9575	NULL
2015-08-08 12:13:16.000000	maosiyu	2.36455	3.26	NULL
3012-08-08 12:13:16.000000	maosiyu	2.36455	4.18	NULL
1960-08-08 12:13:16.000000	maosiyu	2.36455	9.56	NULL
2015-08-09 16:34:36.876319	mauybe	6.4	1.08	NULL
2015-06-07 11:27:45.763261	NULL	1	0.1321	NULL
2015-06-07 11:24:45.763261	NULL	NULL	0.1321	NULL
2015-06-07 11:26:45.763261	NULL	NULL	0.1321	NULL
select * from __3001__idx__il4;
c1	yao_virtual_col
1020-03-09 15:30:36.000000	NULL
1960-08-08 12:13:16.000000	NULL
2015-06-07 11:23:45.763261	NULL
2015-06-07 11:24:45.763261	NULL
2015-06-07 11:25:45.763261	NULL
2015-06-07 11:26:45.763261	NULL
2015-06-07 11:27:45.763261	NULL
2015-08-08 12:13:16.000000	NULL
2015-08-09 16:34:36.876319	NULL
3012-08-08 12:13:16.000000	NULL
insert into t1(c1,c6,c2,c3) values('2015-06-05 11:23:45.763261',7/7.8,7,'subrina');
insert into t1(c1,c6,c3,c5) values('2015-06-06 11:23:45.763261',7/7,'hahahce',5.66426);
insert into t1(c1,c6,c2,c5) values('2015-06-08 11:23:45.763261',7*0.2254,1232344,83.5546534);
select * from t1;
c1	c2	c3	c4	c5	c6
1020-03-09 15:30:36.000000	25	hahhaha	NULL	6.32256	3.2547
1960-08-08 12:13:16.000000	1	maosiyu	2015-06-07 11:23:45.763261	2.36455	9.56
2015-06-05 11:23:45.763261	7	subrina	NULL	NULL	0.8974
2015-06-06 11:23:45.763261	NULL	hahahce	NULL	5.66426	1
2015-06-07 11:23:45.763261	8722	mace	NULL	6.5041	0.9575
2015-06-07 11:24:45.763261	1	NULL	NULL	NULL	0.1321
2015-06-07 11:25:45.763261	NULL	hahahce	NULL	NULL	0.1321
2015-06-07 11:26:45.763261	NULL	NULL	NULL	NULL	0.1321
2015-06-07 11:27:45.763261	NULL	NULL	NULL	1	0.1321
2015-06-08 11:23:45.763261	1232344	NULL	NULL	83.5546534	1.5778
2015-08-08 12:13:16.000000	1	maosiyu	2015-06-07 11:23:45.763261	2.36455	3.26
2015-08-09 16:34:36.876319	0	mauybe	NULL	6.4	1.08
3012-08-08 12:13:16.000000	2	maosiyu	2015-06-07 11:23:45.763261	2.36455	4.18
select * from __3001__idx__il0;
c1	c2	c3	c4	c5	c6
2015-06-07 11:25:45.763261	NULL	hahahce	NULL	NULL	0.1321
2015-06-07 11:27:45.763261	NULL	NULL	NULL	1	0.1321
2015-06-07 11:24:45.763261	1	NULL	NULL	NULL	0.1321
2015-06-07 11:26:45.763261	NULL	NULL	NULL	NULL	0.1321
2015-06-05 11:23:45.763261	7	subrina	NULL	NULL	0.8974
2015-06-07 11:23:45.763261	8722	mace	NULL	6.5041	0.9575
2015-06-06 11:23:45.763261	NULL	hahahce	NULL	5.66426	1
2015-08-09 16:34:36.876319	0	mauybe	NULL	6.4	1.08
2015-06-08 11:23:45.763261	1232344	NULL	NULL	83.5546534	1.5778
1020-03-09 15:30:36.000000	25	hahhaha	NULL	6.32256	3.2547
2015-08-08 12:13:16.000000	1	maosiyu	2015-06-07 11:23:45.763261	2.36455	3.26
3012-08-08 12:13:16.000000	2	maosiyu	2015-06-07 11:23:45.763261	2.36455	4.18
1960-08-08 12:13:16.000000	1	maosiyu	2015-06-07 11:23:45.763261	2.36455	9.56
select * from __3001__idx__il1;
c1	c2	c3	c4	c5	c6
2015-06-07 11:24:45.763261	1	NULL	NULL	NULL	0.1321
2015-06-07 11:25:45.763261	NULL	hahahce	NULL	NULL	0.1321
2015-06-07 11:26:45.763261	NULL	NULL	NULL	NULL	0.1321
2015-06-07 11:27:45.763261	NULL	NULL	NULL	1	0.1321
2015-06-05 11:23:45.763261	7	subrina	NULL	NULL	0.8974
2015-06-07 11:23:45.763261	8722	mace	NULL	6.5041	0.9575
2015-06-06 11:23:45.763261	NULL	hahahce	NULL	5.66426	1
2015-08-09 16:34:36.876319	0	mauybe	NULL	6.4	1.08
2015-06-08 11:23:45.763261	1232344	NULL	NULL	83.5546534	1.5778
1020-03-09 15:30:36.000000	25	hahhaha	NULL	6.32256	3.2547
2015-08-08 12:13:16.000000	1	maosiyu	2015-06-07 11:23:45.763261	2.36455	3.26
3012-08-08 12:13:16.000000	2	maosiyu	2015-06-07 11:23:45.763261	2.36455	4.18
1960-08-08 12:13:16.000000	1	maosiyu	2015-06-07 11:23:45.763261	2.36455	9.56
select * from __3001__idx__il2;
c1	c2	c3	c5
2015-06-06 11:23:45.763261	NULL	hahahce	5.66426
2015-06-07 11:25:45.763261	NULL	hahahce	NULL
1020-03-09 15:30:36.000000	25	hahhaha	6.32256
2015-06-07 11:23:45.763261	8722	mace	6.5041
1960-08-08 12:13:16.000000	1	maosiyu	2.36455
2015-08-08 12:13:16.000000	1	maosiyu	2.36455
3012-08-08 12:13:16.000000	2	maosiyu	2.36455
2015-08-09 16:34:36.876319	0	mauybe	6.4
2015-06-05 11:23:45.763261	7	subrina	NULL
2015-06-07 11:27:45.763261	NULL	NULL	1
2015-06-08 11:23:45.763261	1232344	NULL	83.5546534
2015-06-07 11:24:45.763261	1	NULL	NULL
2015-06-07 11:26:45.763261	NULL	NULL	NULL
select * from __3001__idx__il3;
c1	c3	c5	c6	yao_virtual_col
2015-06-07 11:25:45.763261	hahahce	NULL	0.1321	NULL
2015-06-06 11:23:45.763261	hahahce	5.66426	1	NULL
1020-03-09 15:30:36.000000	hahhaha	6.32256	3.2547	NULL
2015-06-07 11:23:45.763261	mace	6.5041	0.9575	NULL
2015-08-08 12:13:16.000000	maosiyu	2.36455	3.26	NULL
3012-08-08 12:13:16.000000	maosiyu	2.36455	4.18	NULL
1960-08-08 12:13:16.000000	maosiyu	2.36455	9.56	NULL
2015-08-09 16:34:36.876319	mauybe	6.4	1.08	NULL
2015-06-05 11:23:45.763261	subrina	NULL	0.8974	NULL
2015-06-07 11:27:45.763261	NULL	1	0.1321	NULL
2015-06-07 11:24:45.763261	NULL	NULL	0.1321	NULL
2015-06-07 11:26:45.763261	NULL	NULL	0.1321	NULL
2015-06-08 11:23:45.763261	NULL	83.5546534	1.5778	NULL
select * from __3001__idx__il4;
c1	yao_virtual_col
1020-03-09 15:30:36.000000	NULL
1960-08-08 12:13:16.000000	NULL
2015-06-05 11:23:45.763261	NULL
2015-06-06 11:23:45.763261	NULL
2015-06-07 11:23:45.763261	NULL
2015-06-07 11:24:45.763261	NULL
2015-06-07 11:25:45.763261	NULL
2015-06-07 11:26:45.763261	NULL
2015-06-07 11:27:45.763261	NULL
2015-06-08 11:23:45.763261	NULL
2015-08-08 12:13:16.000000	NULL
2015-08-09 16:34:36.876319	NULL
3012-08-08 12:13:16.000000	NULL
