drop table if exists t1;
create hash partition function h2(x) 'x+1';
create table t1(c1 int primary key,c2 int) partition by(h2,h2,c1);
insert into t1 values(1,1),(2,2),(3,3);
select * from t1 as t2 where c1=1;
c1	c2
1	1
select * from t1 as t2 where c1=1;
c1	c2
1	1
select * from t1 as t2 where c1=1;
c1	c2
1	1
select * from t1 as t2 where c1=1;
c1	c2
1	1
select * from t1 as t2 where c1=1;
c1	c2
1	1
select * from t1 as t2 where c1=1;
c1	c2
1	1
select * from t1 as t2 where c1=1;
c1	c2
1	1
select * from t1 as t2 where c1=1;
c1	c2
1	1
select * from t1 as t2 where c1=1;
c1	c2
1	1
select * from t1 as t2 where c1=1;
c1	c2
1	1
select * from t1 as t2 where c1=1;
c1	c2
1	1
select * from t1 as t2 where c1=1;
c1	c2
1	1
select * from t1 as t2 where c1=1;
c1	c2
1	1
select * from t1 as t2 where c1=1;
c1	c2
1	1
select * from t1 as t2 where c1=1;
c1	c2
1	1
select * from t1 as t2 where c1=1;
c1	c2
1	1
select * from t1 as t2 where c1=1;
c1	c2
1	1
select * from t1 as t2 where c1=1;
c1	c2
1	1
select * from t1 as t2 where c1=1;
c1	c2
1	1
select * from t1 as t2 where c1=1;
c1	c2
1	1
select * from t1 as t2 where c1=1;
c1	c2
1	1
select * from t1 as t2 where c1=1;
c1	c2
1	1
select * from t1 as t2 where c1=1;
c1	c2
1	1
select * from t1 as t2 where c1=1;
c1	c2
1	1
select * from t1 as t2 where c1=1;
c1	c2
1	1
select * from t1 as t2 where c1=1;
c1	c2
1	1
select * from t1 as t2 where c1=1;
c1	c2
1	1
select * from t1 as t2 where c1=1;
c1	c2
1	1
select * from t1 as t2 where c1=1;
c1	c2
1	1
select * from t1 as t2 where c1=1;
c1	c2
1	1
drop table t1;
drop table if exists t1;
create table t1(c1 int primary key,c2 int);
insert into t1 values(1,1),(2,2),(3,3);
select * from t1 as t2 where c1=1;
c1	c2
1	1
select * from t1 as t2 where c1=1;
c1	c2
1	1
select * from t1 as t2 where c1=1;
c1	c2
1	1
select * from t1 as t2 where c1=1;
c1	c2
1	1
select * from t1 as t2 where c1=1;
c1	c2
1	1
select * from t1 as t2 where c1=1;
c1	c2
1	1
select * from t1 as t2 where c1=1;
c1	c2
1	1
select * from t1 as t2 where c1=1;
c1	c2
1	1
select * from t1 as t2 where c1=1;
c1	c2
1	1
select * from t1 as t2 where c1=1;
c1	c2
1	1
select * from t1 as t2 where c1=1;
c1	c2
1	1
select * from t1 as t2 where c1=1;
c1	c2
1	1
select * from t1 as t2 where c1=1;
c1	c2
1	1
select * from t1 as t2 where c1=1;
c1	c2
1	1
select * from t1 as t2 where c1=1;
c1	c2
1	1
select * from t1 as t2 where c1=1;
c1	c2
1	1
select * from t1 as t2 where c1=1;
c1	c2
1	1
select * from t1 as t2 where c1=1;
c1	c2
1	1
select * from t1 as t2 where c1=1;
c1	c2
1	1
select * from t1 as t2 where c1=1;
c1	c2
1	1
select * from t1 as t2 where c1=1;
c1	c2
1	1
select * from t1 as t2 where c1=1;
c1	c2
1	1
select * from t1 as t2 where c1=1;
c1	c2
1	1
select * from t1 as t2 where c1=1;
c1	c2
1	1
select * from t1 as t2 where c1=1;
c1	c2
1	1
select * from t1 as t2 where c1=1;
c1	c2
1	1
select * from t1 as t2 where c1=1;
c1	c2
1	1
select * from t1 as t2 where c1=1;
c1	c2
1	1
select * from t1 as t2 where c1=1;
c1	c2
1	1
select * from t1 as t2 where c1=1;
c1	c2
1	1
drop table t1;
