create table t2(c1 varchar(30) primary key,c2 varchar(30),c3 varchar(30));
replace into t2 values ('abc','\\','DC');
drop table t2;
select '\103hh\100hh','ueuoiuo';
'\103hh\100hh'	'ueuoiuo'
103hh100hh	ueuoiuo
select '\103hh\100hh' 'ueuoiuo';
'\103hh\100hh' 'ueuoiuo'
103hh100hhueuoiuo
select '\103hh\100hh'
'ueuoiuo';
'\103hh\100hh'
'ueuoiuo'
103hh100hhueuoiuo
select 'sadfas''dsffsa';
'sadfas''dsffsa'
sadfas'dsffsa
